{
    "accuracy": 0.9954522486104093,
    "precision": 0.9946236559139785,
    "recall_sensitivity": 0.9956942949407965,
    "specificity": 0.9952380952380953,
    "f1_score": 0.9951586874663798,
    "roc_auc": 0.9989779076323748,
    "tp": 925,
    "tn": 1045,
    "fp": 5,
    "fn": 4,
    "model_name": "DenseNet201",
    "n_qubits": 4,
    "q_depth": 2,
    "training_time_sec": 13069.142661809921
}