{
    "accuracy": 0.9944416371905003,
    "precision": 0.9946120689655172,
    "recall_sensitivity": 0.9935414424111948,
    "specificity": 0.9952380952380953,
    "f1_score": 0.9940764674205708,
    "roc_auc": 0.9977661592085703,
    "tp": 923,
    "tn": 1045,
    "fp": 5,
    "fn": 6,
    "model_name": "DenseNet121",
    "n_qubits": 6,
    "q_depth": 2,
    "training_time_sec": 8926.209423780441
}