{
    "accuracy": 0.9939363314805457,
    "precision": 0.9956756756756757,
    "recall_sensitivity": 0.9913885898815931,
    "specificity": 0.9961904761904762,
    "f1_score": 0.9935275080906149,
    "roc_auc": 0.9997478087036752,
    "tp": 921,
    "tn": 1046,
    "fp": 4,
    "fn": 8,
    "model_name": "DenseNet121",
    "n_qubits": 16,
    "q_depth": 2,
    "training_time_sec": 13564.009051799774
}