{
    "accuracy": 0.9959575543203638,
    "precision": 0.9946294307196563,
    "recall_sensitivity": 0.9967707212055974,
    "specificity": 0.9952380952380953,
    "f1_score": 0.9956989247311828,
    "roc_auc": 0.9989276744066841,
    "tp": 926,
    "tn": 1045,
    "fp": 5,
    "fn": 3,
    "model_name": "EfficientNetB0",
    "n_qubits": 6,
    "q_depth": 2,
    "training_time_sec": 14905.986380338669
}