{
    "accuracy": 0.9939363314805457,
    "precision": 0.9967497291440953,
    "recall_sensitivity": 0.9903121636167922,
    "specificity": 0.9971428571428571,
    "f1_score": 0.9935205183585313,
    "roc_auc": 0.9920826285304218,
    "tp": 920,
    "tn": 1047,
    "fp": 3,
    "fn": 9,
    "model_name": "InceptionV3",
    "n_qubits": 6,
    "q_depth": 2,
    "training_time_sec": 6218.40107011795
}