{
    "accuracy": 0.9944416371905003,
    "precision": 0.9967532467532467,
    "recall_sensitivity": 0.9913885898815931,
    "specificity": 0.9971428571428571,
    "f1_score": 0.9940636805180788,
    "roc_auc": 0.9958644728074223,
    "tp": 921,
    "tn": 1047,
    "fp": 3,
    "fn": 8,
    "model_name": "InceptionV3",
    "n_qubits": 8,
    "q_depth": 2,
    "training_time_sec": 5734.216194868088
}