{
    "accuracy": 0.9949469429004548,
    "precision": 0.9946178686759957,
    "recall_sensitivity": 0.9946178686759957,
    "specificity": 0.9952380952380953,
    "f1_score": 0.9946178686759957,
    "roc_auc": 0.9945686606181762,
    "tp": 924,
    "tn": 1045,
    "fp": 5,
    "fn": 5,
    "model_name": "VGG19",
    "n_qubits": 6,
    "q_depth": 2,
    "training_time_sec": 26943.38846898079
}