{
    "accuracy": 0.9979787771601819,
    "precision": 0.9989212513484358,
    "recall_sensitivity": 0.9967707212055974,
    "specificity": 0.9990476190476191,
    "f1_score": 0.9978448275862069,
    "roc_auc": 0.9998749295197089,
    "tp": 926,
    "tn": 1049,
    "fp": 1,
    "fn": 3,
    "model_name": "DenseNet201",
    "training_time_sec": 21920.50431418419
}