{
    "accuracy": 0.9903991915108641,
    "precision": 0.9881974248927039,
    "recall_sensitivity": 0.9913885898815931,
    "specificity": 0.9895238095238095,
    "f1_score": 0.9897904352498657,
    "roc_auc": 0.9996637449382337,
    "tp": 921,
    "tn": 1039,
    "fp": 11,
    "fn": 8,
    "model_name": "DenseNet121",
    "training_time_sec": 14070.218420267105
}