{
    "accuracy": 0.9939363314805457,
    "precision": 0.9924812030075187,
    "recall_sensitivity": 0.9946178686759957,
    "specificity": 0.9933333333333333,
    "f1_score": 0.9935483870967742,
    "roc_auc": 0.9995314982828438,
    "tp": 924,
    "tn": 1043,
    "fp": 7,
    "fn": 5,
    "model_name": "EfficientNetB0",
    "training_time_sec": 7221.86178278923
}