{
    "accuracy": 0.9949469429004548,
    "precision": 0.9935553168635876,
    "recall_sensitivity": 0.9956942949407965,
    "specificity": 0.9942857142857143,
    "f1_score": 0.9946236559139785,
    "roc_auc": 0.9998359731406017,
    "tp": 925,
    "tn": 1044,
    "fp": 6,
    "fn": 4,
    "model_name": "VGG19",
    "training_time_sec": 41627.486760377884
}