accuracy,precision,recall_sensitivity,specificity,f1_score,roc_auc,tp,tn,fp,fn,model_name,n_qubits,q_depth,training_time_sec,balanced_accuracy
0.9969681657402729,0.9967707212055974,0.9967707212055974,0.9971428571428571,0.9967707212055974,0.9999436157670818,926,1047,3,3,DenseNet201,16,2,18983.65637254715,0.9969567891742273
0.9919151086407276,0.9871931696905016,0.9956942949407965,0.9885714285714285,0.9914255091103966,0.9997959915936234,925,1038,12,4,MobileNetV2,16,2,16142.203306674957,0.9921328617561125
0.9939363314805457,0.9956756756756757,0.9913885898815931,0.9961904761904762,0.9935275080906149,0.9997478087036752,921,1046,4,8,DenseNet121,16,2,13564.009051799774,0.9937895330360347
0.9949469429004548,0.9967567567567568,0.9924650161463939,0.9971428571428571,0.9946062567421791,0.9996780972884309,922,1047,3,7,Xception,16,2,36979.23150229454,0.9948039366446255
0.9954522486104093,0.9946236559139785,0.9956942949407965,0.9952380952380953,0.9951586874663798,0.9996340150699677,925,1045,5,4,EfficientNetB0,16,2,20299.038833856583,0.9954661950894459
0.9959575543203638,0.9935691318327974,0.9978471474703983,0.9942857142857143,0.9957035445757251,0.9980752473217489,927,1044,6,2,VGG16,16,2,29017.284053087234,0.9960664308780562
0.9924204143506822,0.9924568965517241,0.9913885898815931,0.9933333333333333,0.9919224555735057,0.9936552360449025,921,1043,7,8,InceptionV3,16,2,11689.480810403824,0.9923609616074631
0.9949469429004548,0.992497320471597,0.9967707212055974,0.9933333333333333,0.9946294307196563,0.9934553283100107,926,1043,7,3,ResNet50V2,16,2,12358.320373773575,0.9950520272694654
0.9934310257705912,0.9935344827586207,0.9924650161463939,0.9942857142857143,0.9929994614970382,0.991010302937106,922,1044,6,7,VGG19,16,2,30110.151280879974,0.9933753652160542
