accuracy,precision,recall_sensitivity,specificity,f1_score,roc_auc,tp,tn,fp,fn,model_name,n_qubits,q_depth,training_time_sec,balanced_accuracy
0.9934310257705912,0.9935344827586207,0.9924650161463939,0.9942857142857143,0.9929994614970382,0.9997201291711517,922,1044,6,7,MobileNetV2,6,2,9333.813519477844,0.9933753652160542
0.9969681657402729,1.0,0.9935414424111948,1.0,0.9967602591792657,0.9989430519247526,923,1050,0,6,DenseNet201,6,2,11244.790982961655,0.9967707212055974
0.9959575543203638,0.9946294307196563,0.9967707212055974,0.9952380952380953,0.9956989247311828,0.9989276744066841,926,1045,5,3,EfficientNetB0,6,2,14905.986380338669,0.9960044082218463
0.9944416371905003,0.9946120689655172,0.9935414424111948,0.9952380952380953,0.9940764674205708,0.9977661592085703,923,1045,5,6,DenseNet121,6,2,8926.209423780441,0.994389768824645
0.9954522486104093,0.9925053533190579,0.9978471474703983,0.9933333333333333,0.9951690821256038,0.9970341893485059,927,1043,7,2,ResNet50V2,6,2,8652.223067522049,0.9955902404018657
0.9954522486104093,0.9956896551724138,0.9946178686759957,0.9961904761904762,0.9951534733441034,0.996273002204111,924,1046,4,5,VGG16,6,2,27357.67571759224,0.9954041724332359
0.9959575543203638,0.9978378378378379,0.9935414424111948,0.9980952380952381,0.9956850053937433,0.9952278435593829,923,1048,2,6,Xception,6,2,36845.62063384056,0.9958183402532165
0.9949469429004548,0.9946178686759957,0.9946178686759957,0.9952380952380953,0.9946178686759957,0.9945686606181762,924,1045,5,5,VGG19,6,2,26943.38846898079,0.9949279819570455
0.9939363314805457,0.9967497291440953,0.9903121636167922,0.9971428571428571,0.9935205183585313,0.9920826285304218,920,1047,3,9,InceptionV3,6,2,6218.40107011795,0.9937275103798247
