accuracy,precision,recall_sensitivity,specificity,f1_score,roc_auc,tp,tn,fp,fn,model_name,n_qubits,q_depth,training_time_sec,balanced_accuracy
0.9944416371905003,0.9903846153846154,0.9978471474703983,0.9914285714285714,0.9941018766756032,0.9998421241478292,927,1041,9,2,ResNet50V2,8,2,9336.916182279587,0.9946378594494849
0.9949469429004548,0.9967567567567568,0.9924650161463939,0.9971428571428571,0.9946062567421791,0.999750884207289,922,1047,3,7,DenseNet121,8,2,8243.368993759155,0.9948039366446255
0.9959575543203638,0.9956942949407965,0.9956942949407965,0.9961904761904762,0.9956942949407965,0.9996791224563022,925,1046,4,4,MobileNetV2,8,2,10536.884333848953,0.9959423855656364
0.9939363314805457,0.9914255091103966,0.9956942949407965,0.9923809523809524,0.9935553168635876,0.999489466400123,925,1042,8,4,Xception,8,2,36796.0978038311,0.9940376236608744
0.9959575543203638,0.9967637540453075,0.9946178686759957,0.9971428571428571,0.9956896551724138,0.9990055871648982,924,1047,3,5,DenseNet201,8,2,13050.581671953201,0.9958803629094264
0.9964628600303184,0.9956989247311828,0.9967707212055974,0.9961904761904762,0.9962345346960731,0.9989932851504434,926,1046,4,3,EfficientNetB0,8,2,14936.794534921646,0.9964805986980367
0.9949469429004548,0.9967567567567568,0.9924650161463939,0.9971428571428571,0.9946062567421791,0.9974678353580396,922,1047,3,7,VGG16,8,2,25179.896849155426,0.9948039366446255
0.9929257200606367,0.9935275080906149,0.9913885898815931,0.9942857142857143,0.9924568965517241,0.9967225383156492,921,1044,6,8,VGG19,8,2,29141.95198750496,0.9928371520836536
0.9944416371905003,0.9967532467532467,0.9913885898815931,0.9971428571428571,0.9940636805180788,0.9958644728074223,921,1047,3,8,InceptionV3,8,2,5734.216194868088,0.9942657235122251
