accuracy,precision,recall_sensitivity,specificity,f1_score,roc_auc,tp,tn,fp,fn,model_name,n_qubits,q_depth,training_time_sec,balanced_accuracy
0.9959575543203638,0.9956942949407965,0.9956942949407965,0.9961904761904762,0.9956942949407965,0.9998252088779538,925,1046,4,4,DenseNet201,2,2,11183.9296708107,0.9959423855656364
0.9934310257705912,0.9924731182795699,0.9935414424111948,0.9933333333333333,0.993006993006993,0.999583781844277,923,1043,7,6,Xception,2,2,38853.17443084717,0.993437387872264
0.9954522486104093,0.9925053533190579,0.9978471474703983,0.9933333333333333,0.9951690821256038,0.9989199856476498,927,1043,7,2,ResNet50V2,2,2,10529.826870679855,0.9955902404018657
0.9964628600303184,0.9978401727861771,0.9946178686759957,0.9980952380952381,0.9962264150943396,0.9988917935311907,924,1048,2,5,EfficientNetB0,2,2,14851.537427425385,0.9963565533856169
0.9944416371905003,0.9956803455723542,0.9924650161463939,0.9961904761904762,0.9940700808625337,0.9969496129991287,922,1046,4,7,DenseNet121,2,2,7049.97058057785,0.994327746168435
0.9939363314805457,0.9946062567421791,0.9924650161463939,0.9952380952380953,0.9935344827586207,0.9969296222256395,922,1045,5,7,VGG16,2,2,27244.527725696564,0.9938515556922446
0.9939363314805457,0.9935414424111948,0.9935414424111948,0.9942857142857143,0.9935414424111948,0.9963985852683376,923,1044,6,6,VGG19,2,2,29576.386436462402,0.9939135783484545
0.9954522486104093,0.9967602591792657,0.9935414424111948,0.9971428571428571,0.9951482479784367,0.9956942949407965,923,1047,3,6,InceptionV3,2,2,5658.542396783829,0.995342149777026
