accuracy,precision,recall_sensitivity,specificity,f1_score,roc_auc,tp,tn,fp,fn,model_name,n_qubits,q_depth,training_time_sec,balanced_accuracy
0.9959575543203638,0.9967637540453075,0.9946178686759957,0.9971428571428571,0.9956896551724138,0.9997990670972372,924,1047,3,5,EfficientNetB0,12,2,13400.147372245789,0.9958803629094264
0.9939363314805457,0.9924812030075187,0.9946178686759957,0.9933333333333333,0.9935483870967742,0.9997990670972371,924,1043,7,5,Xception,12,2,36951.520502090454,0.9939756010046645
0.9939363314805457,0.9946062567421791,0.9924650161463939,0.9952380952380953,0.9935344827586207,0.9997703623968425,922,1045,5,7,DenseNet121,12,2,9102.68869137764,0.9938515556922446
0.9964628600303184,0.9989177489177489,0.9935414424111948,0.9990476190476191,0.9962223421478683,0.9996247885591266,923,1049,1,6,DenseNet201,12,2,11329.641502380371,0.9962945307294069
0.9914098029307731,0.9851063829787234,0.9967707212055974,0.9866666666666667,0.990904226859283,0.9995520016402686,926,1036,14,3,MobileNetV2,12,2,10818.84903550148,0.991718693936132
0.9969681657402729,0.9989189189189189,0.9946178686759957,0.9990476190476191,0.9967637540453075,0.9990394177046491,924,1049,1,5,VGG16,12,2,25131.635184764862,0.9968327438618074
0.9934310257705912,0.9967462039045553,0.9892357373519914,0.9971428571428571,0.9929767693138843,0.9969552514224204,919,1047,3,10,InceptionV3,12,2,5936.410796165466,0.9931892972474243
0.9964628600303184,0.9935760171306209,0.9989235737351991,0.9942857142857143,0.9962426194310252,0.9963381003639346,928,1044,6,1,ResNet50V2,12,2,11596.279862165451,0.9966046440104568
0.9934310257705912,0.9935344827586207,0.9924650161463939,0.9942857142857143,0.9929994614970382,0.991147675431852,922,1044,6,7,VGG19,12,2,27128.914274454117,0.9933753652160542
