{
    "accuracy": 0.9964628600303184,
    "precision": 0.9967672413793104,
    "recall_sensitivity": 0.9956942949407965,
    "specificity": 0.9971428571428571,
    "f1_score": 0.996230479267636,
    "roc_auc": 0.9998841560305499,
    "tp": 925,
    "tn": 1047,
    "fp": 3,
    "fn": 4,
    "model_name": "ResNet50V2",
    "training_time_sec": 13843.93768787384
}