{
    "accuracy": 0.9969681657402729,
    "precision": 0.9957035445757251,
    "recall_sensitivity": 0.9978471474703983,
    "specificity": 0.9961904761904762,
    "f1_score": 0.9967741935483871,
    "roc_auc": 0.9999579681172791,
    "tp": 927,
    "tn": 1046,
    "fp": 4,
    "fn": 2,
    "model_name": "VGG16",
    "training_time_sec": 33731.08521223068
}