{
    "accuracy": 0.9949469429004548,
    "precision": 0.9946178686759957,
    "recall_sensitivity": 0.9946178686759957,
    "specificity": 0.9952380952380953,
    "f1_score": 0.9946178686759957,
    "roc_auc": 0.9997221795068942,
    "tp": 924,
    "tn": 1045,
    "fp": 5,
    "fn": 5,
    "model_name": "Xception",
    "training_time_sec": 18547.69544529915
}